sdgsat_scene_id,datetime_utc,region,sensor_class,sensor_matched,platform,matched_time_utc,time_difference_min,view_zenith_deg,parallax_correction_status,background_class,background_class_method,contrail_area_30m_km2,n_30m_objects,n_sensor_usable_objects,detection_retention_object_weighted,signal_floor_fraction_object_weighted,signal_retention_median_ref005,signal_retention_median_ref010,product_retrieval_floor_status,morphology_available_flag
KX10_TIS_20221031_W119.07_N40.59_202200172248_L4B,2022-10-31T05:07:08.975785Z,North America,geostationary,GOES_ABI,GOES17,2022-10-31T05:10:31.900000Z,3.382,50.5099233962178,GOES_H10_primary_corrected,heterogeneous_background,rule_based_from_sensor_background_BTD_std_quantiles,898.3548,384,313,0.012779552715654952,0.987220447284345,2.9891271091691527,2.02356788383858,not_evaluated_for_GOES,True
KX10_TIS_20221106_W119.74_N33.64_202200175807_L4B,2022-11-06T17:55:17.154550Z,North America,geostationary,GOES_ABI,GOES17,2022-11-06T17:50:32.100000Z,4.751,43.38133956105955,GOES_H10_primary_corrected,heterogeneous_background,rule_based_from_sensor_background_BTD_std_quantiles,0.0773999999999998,3,3,0.0,1.0,,,not_evaluated_for_GOES,True
KX10_TIS_20221107_E48.43_N23.47_202200176583_L4B,2022-11-07T06:35:57.618574Z,Middle East,polar_orbiting,MODIS_Terra,Terra,,,,not_applicable_for_MODIS,unknown,rule_based_from_sensor_background_BTD_std_quantiles,0.5678999999999996,7,0,,,,,MOD06_evaluated,True
KX10_TIS_20221107_E48.85_N25.36_202200176586_L4B,2022-11-07T06:35:27.698886Z,Middle East,polar_orbiting,MODIS_Terra,Terra,,,,not_applicable_for_MODIS,low_variability_background,rule_based_from_sensor_background_BTD_std_quantiles,315.51840000000004,46,42,0.023809523809523808,0.9761904761904762,0.2974821321837949,0.2628406196208948,MOD06_evaluated,True
KX10_TIS_20221107_E49.28_N27.24_202200176588_L4B,2022-11-07T06:34:57.779189Z,Middle East,polar_orbiting,MODIS_Terra,Terra,,,,not_applicable_for_MODIS,moderate_variability_background,rule_based_from_sensor_background_BTD_std_quantiles,1157.7213,132,129,0.007751937984496124,0.9922480620155039,0.39780032757768,0.2820314029301809,MOD06_evaluated,True
KX10_TIS_20221107_E49.72_N29.12_202200176589_L4B,2022-11-07T06:34:27.859472Z,Middle East,polar_orbiting,MODIS_Terra,Terra,,,,not_applicable_for_MODIS,moderate_variability_background,rule_based_from_sensor_background_BTD_std_quantiles,2946.6261,154,143,0.006993006993006993,0.993006993006993,0.4393338113318936,0.3774694816622944,MOD06_evaluated,True
KX10_TIS_20221108_E55.04_N63.35_202200177401_L4B,2022-11-08T16:56:15.694116Z,Other,polar_orbiting,MODIS_Terra,Terra,,,,not_applicable_for_MODIS,low_variability_background,rule_based_from_sensor_background_BTD_std_quantiles,533.2743,56,53,0.0,1.0,0.2133466024636269,0.1880592565003128,MOD06_evaluated,True
KX10_TIS_20221108_E56.31_N61.53_202200177408_L4B,2022-11-08T16:55:45.774429Z,Other,polar_orbiting,MODIS_Terra,Terra,,,,not_applicable_for_MODIS,low_variability_background,rule_based_from_sensor_background_BTD_std_quantiles,383.859,52,52,0.019230769230769232,0.9807692307692307,0.27786788590797806,0.2575952965677462,MOD06_evaluated,True
KX10_TIS_20221111_W63.64_S35.31_202200178729_L4B,2022-11-11T13:30:12.217843Z,South America,geostationary,GOES_ABI,GOES16,2022-11-11T13:30:21Z,0.146,42.81940013707351,GOES_H10_primary_corrected,heterogeneous_background,rule_based_from_sensor_background_BTD_std_quantiles,63.1242,30,27,0.0,1.0,0.8576899412024295,0.4644075342280424,not_evaluated_for_GOES,True
KX10_TIS_20221113_W128.54_N51.48_202200179339_L4A,2022-11-13T18:48:36.299500Z,North America,geostationary,GOES_ABI,GOES17,2022-11-13T18:50:32.100000Z,1.930,59.48088283838409,GOES_H10_primary_corrected,heterogeneous_background,rule_based_from_sensor_background_BTD_std_quantiles,731.9547,292,240,0.0875,0.9125,2.2653496529097223,1.705663742891709,not_evaluated_for_GOES,True
KX10_TIS_20221128_W45.90_S17.87_202200186085_L4B,2022-11-28T00:49:52.855033Z,South America,geostationary,GOES_ABI,GOES16,2022-11-28T00:50:20.300000Z,0.457,39.417009631592535,GOES_H10_primary_corrected,heterogeneous_background,rule_based_from_sensor_background_BTD_std_quantiles,93.73499999999999,80,71,0.04225352112676056,0.9577464788732394,1.0865899323436037,0.9476374678246796,not_evaluated_for_GOES,True
KX10_TIS_20221129_E48.43_N29.97_202200187362_L4B,2022-11-29T18:05:47.057220Z,Middle East,polar_orbiting,MODIS_Terra,Terra,,,,not_applicable_for_MODIS,moderate_variability_background,rule_based_from_sensor_background_BTD_std_quantiles,434.6162999999999,103,89,0.033707865168539325,0.9662921348314607,0.3774317192545459,0.3059922752121103,MOD06_evaluated,True
KX10_TIS_20221129_E48.88_N28.08_202200187363_L4B,2022-11-29T18:05:17.137522Z,Middle East,polar_orbiting,MODIS_Terra,Terra,,,,not_applicable_for_MODIS,moderate_variability_background,rule_based_from_sensor_background_BTD_std_quantiles,1129.7988,213,205,0.014634146341463415,0.9853658536585366,0.4684828780112578,0.37566713768399,MOD06_evaluated,True
KX10_TIS_20221129_E49.32_N26.20_202200187360_L4B,2022-11-29T18:04:47.217833Z,Middle East,polar_orbiting,MODIS_Terra,Terra,,,,not_applicable_for_MODIS,moderate_variability_background,rule_based_from_sensor_background_BTD_std_quantiles,374.58630000000005,149,144,0.013888888888888888,0.9861111111111112,0.6042901111330528,0.5093822727322697,MOD06_evaluated,True
KX10_TIS_20221129_W125.15_N41.53_202200186686_L4B,2022-11-29T05:30:54.893647Z,North America,geostationary,GOES_ABI,GOES17,2022-11-29T05:30:32.500000Z,0.373,49.5421332860933,GOES_H10_primary_corrected,moderate_variability_background,rule_based_from_sensor_background_BTD_std_quantiles,16.5447,35,28,0.0,1.0,1.8336244931261512,2.016978630369997,not_evaluated_for_GOES,True
KX10_TIS_20221202_W71.16_N21.57_202200187928_L4B,2022-12-02T14:33:22.778539Z,North America,geostationary,GOES_ABI,GOES16,2022-12-02T14:30:20.800000Z,3.033,25.688057527811303,GOES_H10_primary_corrected,moderate_variability_background,rule_based_from_sensor_background_BTD_std_quantiles,17.579700000000003,20,16,0.0,1.0,1.8753166709357967,1.51595860061602,not_evaluated_for_GOES,True
KX10_TIS_20221204_E49.44_N25.35_202200188539_L4B,2022-12-04T18:04:53.215237Z,Middle East,polar_orbiting,MODIS_Terra,Terra,,,,not_applicable_for_MODIS,low_variability_background,rule_based_from_sensor_background_BTD_std_quantiles,325.59749999999997,83,79,0.0,1.0,0.2838639475695927,0.2430699485573834,MOD06_evaluated,True
KX10_TIS_20221205_E49.98_N41.64_202200189466_L4B,2022-12-05T17:50:18.652601Z,Middle East,polar_orbiting,MODIS_Terra,Terra,,,,not_applicable_for_MODIS,low_variability_background,rule_based_from_sensor_background_BTD_std_quantiles,2.9124000000000003,11,10,0.1,0.9,0.5609379316250366,0.5609379316250366,MOD06_evaluated,True
KX10_TIS_20221215_E48.94_N44.93_202200193797_L4B,2022-12-15T17:51:19.411812Z,Middle East,polar_orbiting,MODIS_Terra,Terra,,,,not_applicable_for_MODIS,unknown,rule_based_from_sensor_background_BTD_std_quantiles,92.7756,30,0,,,,,MOD06_evaluated,True
KX10_TIS_20221215_E49.53_N43.07_202200193792_L4B,2022-12-15T17:50:49.492092Z,Middle East,polar_orbiting,MODIS_Terra,Terra,,,,not_applicable_for_MODIS,low_variability_background,rule_based_from_sensor_background_BTD_std_quantiles,485.90009999999995,58,47,0.0,1.0,0.683918049223996,0.584232018014245,MOD06_evaluated,True
KX10_TIS_20221215_E51.18_N37.45_202200193780_L4B,2022-12-15T17:49:19.732904Z,Middle East,polar_orbiting,MODIS_Terra,Terra,,,,not_applicable_for_MODIS,moderate_variability_background,rule_based_from_sensor_background_BTD_std_quantiles,824.6628000000002,100,97,0.0,1.0,0.44774728253265994,0.40409125524626366,MOD06_evaluated,True
KX10_TIS_20221215_E51.68_N35.57_202200193781_L4B,2022-12-15T17:48:49.813181Z,Middle East,polar_orbiting,MODIS_Terra,Terra,,,,not_applicable_for_MODIS,moderate_variability_background,rule_based_from_sensor_background_BTD_std_quantiles,305.3555999999999,95,92,0.021739130434782608,0.9782608695652174,0.6743851448899426,0.6005851721495352,MOD06_evaluated,True
KX10_TIS_20221225_E48.15_N47.72_202200201048_L4B,2022-12-25T17:51:31.133750Z,Central Asia,polar_orbiting,MODIS_Terra,Terra,,,,not_applicable_for_MODIS,low_variability_background,rule_based_from_sensor_background_BTD_std_quantiles,2.3337,6,3,0.0,1.0,0.3063353470419457,0.3063353470419457,MOD06_evaluated,True
KX10_TIS_20221225_E48.80_N45.86_202200201046_L4B,2022-12-25T17:51:01.214051Z,Central Asia,polar_orbiting,MODIS_Terra,Terra,,,,not_applicable_for_MODIS,low_variability_background,rule_based_from_sensor_background_BTD_std_quantiles,16.225199999999997,14,12,0.0,1.0,0.5623629720901907,0.39981357102464793,MOD06_evaluated,True
KX10_TIS_20221225_E49.40_N44.00_202200201044_L4B,2022-12-25T17:50:31.294343Z,Middle East,polar_orbiting,MODIS_Terra,Terra,,,,not_applicable_for_MODIS,low_variability_background,rule_based_from_sensor_background_BTD_std_quantiles,13.976999999999997,23,21,0.0,1.0,0.4456909959732625,0.4714075445513116,MOD06_evaluated,True
KX10_TIS_20230101_W83.70_N27.57_202300000153_L4B,2023-01-01T02:56:30.273980Z,North America,geostationary,GOES_ABI,GOES16,2023-01-01T03:00:20.600000Z,3.839,33.550278769373705,GOES_H10_primary_corrected,unknown,rule_based_from_sensor_background_BTD_std_quantiles,38.3166,24,0,,,,,not_evaluated_for_GOES,True
KX10_TIS_20230110_E51.82_N47.76_202300005485_L4B,2023-01-10T17:36:54.416210Z,Central Asia,polar_orbiting,MODIS_Terra,Terra,,,,not_applicable_for_MODIS,moderate_variability_background,rule_based_from_sensor_background_BTD_std_quantiles,0.2052,2,2,0.0,1.0,,,MOD06_evaluated,True
KX10_TIS_20230110_W72.76_S46.21_202300004796_L4B,2023-01-10T02:59:08.215497Z,South America,geostationary,GOES_ABI,GOES16,2023-01-10T03:00:20.300000Z,1.201,53.22410946647387,GOES_H10_primary_corrected,heterogeneous_background,rule_based_from_sensor_background_BTD_std_quantiles,161.9064,76,60,0.1,0.9,1.854709933246913,0.886591987620267,not_evaluated_for_GOES,True
KX10_TIS_20230111_W115.62_N37.82_202300005783_L4B,2023-01-11T17:42:55.778959Z,North America,geostationary,GOES_ABI,GOES18,2023-01-11T17:40:20.800000Z,2.583,49.32199780732978,GOES_H10_primary_corrected,moderate_variability_background,rule_based_from_sensor_background_BTD_std_quantiles,152.2962,123,100,0.0,1.0,1.205503738763574,0.8931232677837173,not_evaluated_for_GOES,True
KX10_TIS_20230118_W65.99_N14.11_202300008864_L4B,2023-01-18T14:08:45.220778Z,North America,geostationary,GOES_ABI,GOES16,2023-01-18T14:10:21Z,1.596,19.726200650200035,GOES_H10_primary_corrected,heterogeneous_background,rule_based_from_sensor_background_BTD_std_quantiles,6.6204,15,12,0.0,1.0,1.531326717556504,1.841657240926843,not_evaluated_for_GOES,True
KX10_TIS_20230131_W119.90_N41.54_202300015801_L4B,2023-01-31T18:03:20.295806Z,North America,geostationary,GOES_ABI,GOES18,2023-01-31T18:00:20.700000Z,2.993,51.15106259736806,GOES_H10_primary_corrected,moderate_variability_background,rule_based_from_sensor_background_BTD_std_quantiles,415.5219,259,204,0.10784313725490197,0.8921568627450981,2.0947714402837834,1.7122310698806644,not_evaluated_for_GOES,True
KX10_TIS_20230205_E50.88_N44.74_202300017731_L4B,2023-02-05T17:44:01.056263Z,Middle East,polar_orbiting,MODIS_Terra,Terra,,,,not_applicable_for_MODIS,moderate_variability_background,rule_based_from_sensor_background_BTD_std_quantiles,177.14159999999998,38,38,0.0,1.0,0.3107780787394176,0.3068511950243848,MOD06_evaluated,True
KX10_TIS_20230205_E52.58_N39.13_202300017726_L4B,2023-02-05T17:42:31.297177Z,Middle East,polar_orbiting,MODIS_Terra,Terra,,,,not_applicable_for_MODIS,low_variability_background,rule_based_from_sensor_background_BTD_std_quantiles,9.786599999999998,17,12,0.0,1.0,0.16334880470110225,0.16334880470110225,MOD06_evaluated,True
KX10_TIS_20230212_W85.46_N35.95_202300020308_L4B,2023-02-12T02:57:19.294512Z,North America,geostationary,GOES_ABI,GOES16,2023-02-12T03:00:20.600000Z,3.022,43.12813483248551,GOES_H10_primary_corrected,heterogeneous_background,rule_based_from_sensor_background_BTD_std_quantiles,25.0065,26,21,0.14285714285714285,0.8571428571428571,1.7881877062007892,0.7521926616870329,not_evaluated_for_GOES,True
KX10_TIS_20230214_W70.53_N9.48_202300020714_L4B,2023-02-14T02:14:13.136274Z,North America,geostationary,GOES_ABI,GOES16,2023-02-14T02:10:20.700000Z,3.874,12.421869400087282,GOES_H10_primary_corrected,heterogeneous_background,rule_based_from_sensor_background_BTD_std_quantiles,33.40890000000001,44,38,0.07894736842105263,0.9210526315789473,1.9855171099362543,1.5858552654945337,not_evaluated_for_GOES,True
KX10_TIS_20230219_W100.37_N32.72_202300022686_L4B,2023-02-19T03:59:26.214869Z,North America,geostationary,GOES_ABI,GOES16,2023-02-19T04:00:20.200000Z,0.900,46.73802891961814,GOES_H10_primary_corrected,heterogeneous_background,rule_based_from_sensor_background_BTD_std_quantiles,1573.2999,570,482,0.006224066390041493,0.9937759336099585,1.7388315405478658,1.5684086546973275,not_evaluated_for_GOES,True
KX10_TIS_20230219_W99.45_N28.96_202300022683_L4B,2023-02-19T03:58:26.375588Z,North America,geostationary,GOES_ABI,GOES16,2023-02-19T04:00:20.200000Z,1.897,43.01035352511301,GOES_H10_primary_corrected,heterogeneous_background,rule_based_from_sensor_background_BTD_std_quantiles,191.3067,106,98,0.04081632653061224,0.9591836734693877,1.40558354236904,1.0076159702757683,not_evaluated_for_GOES,True
KX10_TIS_20230220_E49.41_N38.33_202300023672_L4B,2023-02-20T17:55:54.295519Z,Middle East,polar_orbiting,MODIS_Terra,Terra,,,,not_applicable_for_MODIS,moderate_variability_background,rule_based_from_sensor_background_BTD_std_quantiles,373.60260000000005,72,70,0.02857142857142857,0.9714285714285714,0.2468830898507978,0.2468830898507978,MOD06_evaluated,True
KX10_TIS_20230220_E49.92_N36.46_202300023674_L4B,2023-02-20T17:55:24.375939Z,Middle East,polar_orbiting,MODIS_Terra,Terra,,,,not_applicable_for_MODIS,low_variability_background,rule_based_from_sensor_background_BTD_std_quantiles,1.1195999999999997,11,7,0.14285714285714285,0.8571428571428571,1.0860376355126653,0.8251675526922091,MOD06_evaluated,True
KX10_TIS_20230225_E48.12_N39.42_202300025998_L4B,2023-02-25T18:00:07.775328Z,Middle East,polar_orbiting,MODIS_Terra,Terra,,,,not_applicable_for_MODIS,moderate_variability_background,rule_based_from_sensor_background_BTD_std_quantiles,128.5893,41,37,0.02702702702702703,0.972972972972973,0.2927217758813129,0.21019162639010844,MOD06_evaluated,True
KX10_TIS_20230228_W41.53_N60.43_202300027740_L4B,2023-02-28T23:30:16.856455Z,Atlantic,geostationary,GOES_ABI,GOES16,2023-02-28T23:30:20.700000Z,0.064,74.11859331311794,GOES_H10_primary_corrected,heterogeneous_background,rule_based_from_sensor_background_BTD_std_quantiles,237.87269999999998,111,84,0.08333333333333333,0.9166666666666666,0.6900382834667123,0.6189531373418773,not_evaluated_for_GOES,True
KX10_TIS_20230317_W64.33_N13.32_202300103037_L4B,2023-03-17T14:01:36.616136Z,North America,geostationary,GOES_ABI,GOES16,2023-03-17T14:00:20.900000Z,1.262,20.112337363193504,GOES_H10_primary_corrected,low_variability_background,rule_based_from_sensor_background_BTD_std_quantiles,29.1015,31,25,0.0,1.0,1.4000018790569722,0.96848500917823,not_evaluated_for_GOES,True
KX10_TIS_20230325_E53.90_N49.78_202300170765_L4B,2023-03-25T17:26:07.537215Z,Central Asia,polar_orbiting,MODIS_Terra,Terra,,,,not_applicable_for_MODIS,low_variability_background,rule_based_from_sensor_background_BTD_std_quantiles,63.6714,23,21,0.0,1.0,0.6379953609579683,0.21499879304391153,MOD06_evaluated,True
KX10_TIS_20230331_W110.37_N53.53_202300225859_L4B,2023-03-31T17:39:05.974963Z,North America,geostationary,GOES_ABI,GOES18,2023-03-31T17:40:22.100000Z,1.269,65.89985165857878,GOES_H10_primary_corrected,moderate_variability_background,rule_based_from_sensor_background_BTD_std_quantiles,224.046,115,88,0.056818181818181816,0.9431818181818182,1.3706395438451908,1.1081230276145413,not_evaluated_for_GOES,True
KX10_TIS_20230407_W103.04_N56.18_202300289264_L4B,2023-04-07T17:13:55.776864Z,North America,geostationary,GOES_ABI,GOES16,2023-04-07T17:10:20.400000Z,3.590,68.6186899602152,GOES_H10_primary_corrected,low_variability_background,rule_based_from_sensor_background_BTD_std_quantiles,17.421299999999995,37,26,0.038461538461538464,0.9615384615384616,1.9387697096681755,,not_evaluated_for_GOES,True
KX10_TIS_20230408_W100.84_N39.20_202300289329_L4B,2023-04-08T03:55:55.137389Z,North America,geostationary,GOES_ABI,GOES16,2023-04-08T04:00:20.400000Z,4.421,52.576960035025024,GOES_H10_primary_corrected,low_variability_background,rule_based_from_sensor_background_BTD_std_quantiles,91.39769999999999,24,22,0.18181818181818182,0.8181818181818182,2.5343536674135274,2.208228602401172,not_evaluated_for_GOES,True
KX10_TIS_20230409_E51.93_N31.85_202300291263_L4B,2023-04-09T17:50:37.294538Z,Middle East,polar_orbiting,MODIS_Terra,Terra,,,,not_applicable_for_MODIS,moderate_variability_background,rule_based_from_sensor_background_BTD_std_quantiles,81.3879,20,19,0.0,1.0,0.6828133391090077,0.41360885105208733,MOD06_evaluated,True
KX10_TIS_20230409_E52.39_N29.97_202300291261_L4B,2023-04-09T17:50:07.374948Z,Middle East,polar_orbiting,MODIS_Terra,Terra,,,,not_applicable_for_MODIS,moderate_variability_background,rule_based_from_sensor_background_BTD_std_quantiles,105.9129,31,30,0.0,1.0,0.7310522092824929,0.7048541600551675,MOD06_evaluated,True
KX10_TIS_20230409_W105.23_N20.77_202300291259_L4B,2023-04-09T16:49:12.457864Z,North America,geostationary,GOES_ABI,GOES16,2023-04-09T16:50:20.600000Z,1.136,41.73350686292038,GOES_H10_primary_corrected,moderate_variability_background,rule_based_from_sensor_background_BTD_std_quantiles,92.51910000000001,95,76,0.0,1.0,1.0698553070199546,0.9656205838447508,not_evaluated_for_GOES,True
KX10_TIS_20230409_W81.32_N21.64_202300291190_L4B,2023-04-09T15:14:06.697132Z,North America,geostationary,GOES_ABI,GOES16,2023-04-09T15:10:20.600000Z,3.768,26.292990039379973,GOES_H10_primary_corrected,moderate_variability_background,rule_based_from_sensor_background_BTD_std_quantiles,0.3068999999999999,5,4,0.0,1.0,1.2798116640757002,1.4421980790088156,not_evaluated_for_GOES,True
KX10_TIS_20230423_W81.67_N30.43_202300335886_L4B,2023-04-23T02:45:54.135476Z,North America,geostationary,GOES_ABI,GOES16,2023-04-23T02:50:20.400000Z,4.438,36.16372484836653,GOES_H10_primary_corrected,moderate_variability_background,rule_based_from_sensor_background_BTD_std_quantiles,35.064899999999994,26,25,0.0,1.0,1.3431423859510156,3.474836932012302,not_evaluated_for_GOES,True
KX10_TIS_20230426_W81.67_N11.08_202300340239_L4B,2023-04-26T15:09:17.296888Z,North America,geostationary,GOES_ABI,GOES16,2023-04-26T15:10:20.700000Z,1.057,15.058750102127778,GOES_H10_primary_corrected,low_variability_background,rule_based_from_sensor_background_BTD_std_quantiles,34.36109999999999,16,15,0.0,1.0,0.5341861833079457,6.003241578741116,not_evaluated_for_GOES,True
KX10_TIS_20230502_E49.15_N53.39_202300343052_L4B,2023-05-02T17:39:45.217195Z,Central Asia,polar_orbiting,MODIS_Terra,Terra,,,,not_applicable_for_MODIS,moderate_variability_background,rule_based_from_sensor_background_BTD_std_quantiles,154.39860000000002,53,51,0.0,1.0,0.2313845835101382,0.207706196851083,MOD06_evaluated,True
KX10_TIS_20230502_W120.15_N40.30_202300343060_L4B,2023-05-02T18:02:16.519065Z,North America,geostationary,GOES_ABI,GOES18,2023-05-02T18:00:20.900000Z,1.927,49.81830875250836,GOES_H10_primary_corrected,heterogeneous_background,rule_based_from_sensor_background_BTD_std_quantiles,3.4956,10,7,0.0,1.0,1.3727511887958035,1.1681933703943335,not_evaluated_for_GOES,True
KX10_TIS_20230504_W91.05_N58.04_202300343276_L4B,2023-05-04T02:52:44.616648Z,North America,geostationary,GOES_ABI,GOES16,2023-05-04T02:50:20.200000Z,2.407,67.41424107561416,GOES_H10_primary_corrected,moderate_variability_background,rule_based_from_sensor_background_BTD_std_quantiles,462.4119,177,131,0.0,1.0,1.2079830281146924,0.8929100823970935,not_evaluated_for_GOES,True
KX10_TIS_20230522_W122.18_N55.76_202300353626_L4B,2023-05-22T18:29:08.378220Z,North America,geostationary,GOES_ABI,GOES18,2023-05-22T18:30:21.900000Z,1.225,64.95420671694187,GOES_H10_primary_corrected,heterogeneous_background,rule_based_from_sensor_background_BTD_std_quantiles,164.691,103,82,0.06097560975609756,0.9390243902439024,0.9351995792293956,0.8477751807111287,not_evaluated_for_GOES,True
KX10_TIS_20230531_W72.75_N5.11_202300357274_L4B,2023-05-31T14:30:01.380754Z,North America,geostationary,GOES_ABI,GOES16,2023-05-31T14:30:20.800000Z,0.324,6.671828556643597,GOES_H10_primary_corrected,heterogeneous_background,rule_based_from_sensor_background_BTD_std_quantiles,247.6809,121,106,0.07547169811320754,0.9245283018867925,1.5013464773272251,1.4673254690012532,not_evaluated_for_GOES,True
KX10_TIS_20230605_W67.98_N54.11_202300358311_L4B,2023-06-05T01:26:44.695685Z,North America,geostationary,GOES_ABI,GOES16,2023-06-05T01:30:21Z,3.605,62.1226368412261,GOES_H10_primary_corrected,heterogeneous_background,rule_based_from_sensor_background_BTD_std_quantiles,270.69750000000005,141,109,0.01834862385321101,0.981651376146789,1.1360732744674575,0.953306127287554,not_evaluated_for_GOES,True
KX10_TIS_20230629_W77.33_N45.77_202300365940_L4B,2023-06-29T15:15:54.380364Z,North America,geostationary,GOES_ABI,GOES16,2023-06-29T15:20:21.100000Z,4.445,52.72699050523785,GOES_H10_primary_corrected,low_variability_background,rule_based_from_sensor_background_BTD_std_quantiles,30.295799999999996,9,9,0.0,1.0,0.6974165450066319,0.0391460073243501,not_evaluated_for_GOES,True
KX10_TIS_20230718_W82.02_N25.74_202300373146_L4B,2023-07-18T02:49:20.295751Z,North America,geostationary,GOES_ABI,GOES16,2023-07-18T02:50:21.100000Z,1.013,31.04441142738202,GOES_H10_primary_corrected,heterogeneous_background,rule_based_from_sensor_background_BTD_std_quantiles,179.2944,82,69,0.057971014492753624,0.9420289855072463,1.6488739623578228,1.289599001354257,not_evaluated_for_GOES,True
KX10_TIS_20230813_W112.20_N47.05_202300385611_L4B,2023-08-13T17:36:16.057888Z,North America,geostationary,GOES_ABI,GOES18,2023-08-13T17:40:21.600000Z,4.092,59.3418235032255,GOES_H10_primary_corrected,heterogeneous_background,rule_based_from_sensor_background_BTD_std_quantiles,91.54799999999999,75,61,0.0,1.0,2.2113996706378583,2.135245461645103,not_evaluated_for_GOES,True
KX10_TIS_20230815_W121.12_N59.77_202300386909_L4B,2023-08-15T18:31:22.137537Z,North America,geostationary,GOES_ABI,GOES18,2023-08-15T18:30:21.900000Z,1.004,69.19335411275465,GOES_H10_primary_corrected,heterogeneous_background,rule_based_from_sensor_background_BTD_std_quantiles,149.38559999999998,79,65,0.0,1.0,0.46601397690336266,0.46601397690336266,not_evaluated_for_GOES,True
KX10_TIS_20230823_W95.93_N35.59_202300389873_L4B,2023-08-23T16:20:17.855652Z,North America,geostationary,GOES_ABI,GOES16,2023-08-23T16:20:20.500000Z,0.044,46.818069375005685,GOES_H10_primary_corrected,heterogeneous_background,rule_based_from_sensor_background_BTD_std_quantiles,557.6652,373,250,0.064,0.936,1.6448835121772285,1.3404441589932357,not_evaluated_for_GOES,True
KX10_TIS_20230907_E50.02_N33.96_202300395332_L4B,2023-09-07T17:54:41.534780Z,Middle East,polar_orbiting,MODIS_Terra,Terra,,,,not_applicable_for_MODIS,low_variability_background,rule_based_from_sensor_background_BTD_std_quantiles,0.2087999999999999,5,3,0.0,1.0,1.7650412918882634,,MOD06_evaluated,True
KX10_TIS_20230907_E50.96_N30.20_202300395329_L4B,2023-09-07T17:53:41.695377Z,Middle East,polar_orbiting,MODIS_Terra,Terra,,,,not_applicable_for_MODIS,heterogeneous_background,rule_based_from_sensor_background_BTD_std_quantiles,0.0639,1,1,0.0,1.0,3.771533202342164,,MOD06_evaluated,True
KX10_TIS_20230907_W122.18_N50.36_202300395337_L4B,2023-09-07T18:19:40.699276Z,North America,geostationary,GOES_ABI,GOES18,2023-09-07T18:20:20.900000Z,0.670,59.44788014311475,GOES_H10_primary_corrected,heterogeneous_background,rule_based_from_sensor_background_BTD_std_quantiles,6.4854,7,6,0.0,1.0,3.665221805479204,3.665221805479204,not_evaluated_for_GOES,True
KX10_TIS_20230909_W89.80_N40.63_202300395648_L4B,2023-09-09T03:08:28.695655Z,North America,geostationary,GOES_ABI,GOES16,2023-09-09T03:10:20.400000Z,1.862,49.33415681093826,GOES_H10_primary_corrected,heterogeneous_background,rule_based_from_sensor_background_BTD_std_quantiles,0.7632,1,1,0.0,1.0,,,not_evaluated_for_GOES,True
KX10_TIS_20230916_W81.49_N33.17_202300397241_L4B,2023-09-16T02:41:09.533359Z,North America,geostationary,GOES_ABI,GOES16,2023-09-16T02:40:20.600000Z,0.816,39.172497951406754,GOES_H10_primary_corrected,heterogeneous_background,rule_based_from_sensor_background_BTD_std_quantiles,69.1524,56,43,0.0,1.0,1.1960001304273276,1.3546144809798808,not_evaluated_for_GOES,True
KX10_TIS_20230919_W101.62_N25.14_202300398257_L4B,2023-09-19T16:35:06.216849Z,North America,geostationary,GOES_ABI,GOES16,2023-09-19T16:30:20.600000Z,4.760,41.59065792601803,GOES_H10_primary_corrected,heterogeneous_background,rule_based_from_sensor_background_BTD_std_quantiles,8.6067,13,12,0.08333333333333333,0.9166666666666666,3.2745206828641678,3.5471113047248557,not_evaluated_for_GOES,True
KX10_TIS_20230921_E49.89_N27.81_202300400826_L4B,2023-09-21T06:30:48.057965Z,Middle East,polar_orbiting,MODIS_Terra,Terra,,,,not_applicable_for_MODIS,low_variability_background,rule_based_from_sensor_background_BTD_std_quantiles,1.7199,3,3,0.0,1.0,0.2225138283236224,0.2225138283236224,MOD06_evaluated,True
KX10_TIS_20230922_W87.37_N30.79_202300402158_L4B,2023-09-22T15:41:50.617347Z,North America,geostationary,GOES_ABI,GOES16,2023-09-22T15:40:20.700000Z,1.499,38.26707751948506,GOES_H10_primary_corrected,heterogeneous_background,rule_based_from_sensor_background_BTD_std_quantiles,16.7391,13,7,0.0,1.0,0.8743243389842072,0.539831776507481,not_evaluated_for_GOES,True
KX10_TIS_20230929_W121.17_N36.61_202300405391_L4B,2023-09-29T05:16:57.772728Z,North America,geostationary,GOES_ABI,GOES18,2023-09-29T05:20:22.100000Z,3.405,45.73242317366046,GOES_H10_primary_corrected,moderate_variability_background,rule_based_from_sensor_background_BTD_std_quantiles,15.4719,10,8,0.0,1.0,2.99937304666423,,not_evaluated_for_GOES,True
KX10_TIS_20231001_E53.79_N49.41_202300405990_L4B,2023-10-01T17:24:24.816497Z,Central Asia,polar_orbiting,MODIS_Terra,Terra,,,,not_applicable_for_MODIS,low_variability_background,rule_based_from_sensor_background_BTD_std_quantiles,1.0646999999999998,7,6,0.0,1.0,0.6662646378761561,,MOD06_evaluated,True
KX10_TIS_20231004_E49.37_N27.58_202300406782_L4B,2023-10-04T18:01:16.216217Z,Middle East,polar_orbiting,MODIS_Terra,Terra,,,,not_applicable_for_MODIS,low_variability_background,rule_based_from_sensor_background_BTD_std_quantiles,1.2140999999999995,9,9,0.1111111111111111,0.8888888888888888,1.2791100737783754,,MOD06_evaluated,True
KX10_TIS_20231004_W107.97_N24.73_202300406776_L4B,2023-10-04T16:59:58.058930Z,North America,geostationary,GOES_ABI,GOES18,2023-10-04T17:00:20.700000Z,0.377,43.54464051309628,GOES_H10_primary_corrected,heterogeneous_background,rule_based_from_sensor_background_BTD_std_quantiles,76.12650000000001,65,57,0.10526315789473684,0.8947368421052632,1.2311286718437582,0.8143917829476603,not_evaluated_for_GOES,True
KX10_TIS_20231009_W85.32_N28.59_202300408053_L4B,2023-10-09T15:31:44.297210Z,North America,geostationary,GOES_ABI,GOES16,2023-10-09T15:30:20.800000Z,1.392,35.18617852853714,GOES_H10_primary_corrected,heterogeneous_background,rule_based_from_sensor_background_BTD_std_quantiles,87.13350000000001,55,48,0.041666666666666664,0.9583333333333334,2.93756575832558,2.668182301578968,not_evaluated_for_GOES,True
KX10_TIS_20231025_W125.71_N54.03_202300418628_L4B,2023-10-25T18:37:53.379869Z,North America,geostationary,GOES_ABI,GOES18,2023-10-25T18:40:22.200000Z,2.480,62.57517486953429,GOES_H10_primary_corrected,heterogeneous_background,rule_based_from_sensor_background_BTD_std_quantiles,33.9561,47,30,0.0,1.0,1.8063425988171444,1.8063425988171444,not_evaluated_for_GOES,True
KX10_TIS_20231026_E50.27_N30.42_202300419118_L4B,2023-10-26T17:55:15.618402Z,Middle East,polar_orbiting,MODIS_Terra,Terra,,,,not_applicable_for_MODIS,low_variability_background,rule_based_from_sensor_background_BTD_std_quantiles,0.49860000000000004,9,6,0.0,1.0,0.9859732479822084,0.9859732479822084,MOD06_evaluated,True
KX10_TIS_20231026_E50.72_N28.54_202300419113_L4B,2023-10-26T17:54:45.698704Z,Middle East,polar_orbiting,MODIS_Terra,Terra,,,,not_applicable_for_MODIS,low_variability_background,rule_based_from_sensor_background_BTD_std_quantiles,0.4653,5,2,0.0,1.0,,,MOD06_evaluated,True
KX10_TIS_20231026_E51.15_N26.66_202300419112_L4B,2023-10-26T17:54:15.778985Z,Middle East,polar_orbiting,MODIS_Terra,Terra,,,,not_applicable_for_MODIS,low_variability_background,rule_based_from_sensor_background_BTD_std_quantiles,0.3941999999999998,7,5,0.0,1.0,0.4992364431837381,,MOD06_evaluated,True
KX10_TIS_20231026_W76.01_N42.79_202300419083_L4B,2023-10-26T02:10:19.531037Z,North America,geostationary,GOES_ABI,GOES16,2023-10-26T02:10:20.700000Z,0.019,49.38706485086335,GOES_H10_primary_corrected,heterogeneous_background,rule_based_from_sensor_background_BTD_std_quantiles,161.0145,127,95,0.010526315789473684,0.9894736842105263,1.5005848983696493,1.33030362723319,not_evaluated_for_GOES,True
KX10_TIS_20231028_W110.58_N27.58_202300419818_L4B,2023-10-28T04:40:34.856353Z,North America,geostationary,GOES_ABI,GOES18,2023-10-28T04:40:22.300000Z,0.209,43.56880967182589,GOES_H10_primary_corrected,low_variability_background,rule_based_from_sensor_background_BTD_std_quantiles,0.0468,1,1,0.0,1.0,,,not_evaluated_for_GOES,True
KX10_TIS_20231101_E53.88_N27.01_202300421650_L4B,2023-11-01T17:42:57.975794Z,Middle East,polar_orbiting,MODIS_Terra,Terra,,,,not_applicable_for_MODIS,unknown,rule_based_from_sensor_background_BTD_std_quantiles,115.45200000000001,47,0,,,,,MOD06_evaluated,True
KX10_TIS_20231101_W100.40_N37.77_202300421642_L4B,2023-11-01T16:38:22.699769Z,North America,geostationary,GOES_ABI,GOES16,2023-11-01T16:40:20.400000Z,1.962,51.096490979780086,GOES_H10_primary_corrected,heterogeneous_background,rule_based_from_sensor_background_BTD_std_quantiles,294.16859999999997,220,192,0.036458333333333336,0.9635416666666666,2.043631936182166,1.6313781848572158,not_evaluated_for_GOES,True
KX10_TIS_20231106_E52.15_N27.92_202300423475_L4B,2023-11-06T17:49:11.694362Z,Middle East,polar_orbiting,MODIS_Terra,Terra,,,,not_applicable_for_MODIS,moderate_variability_background,rule_based_from_sensor_background_BTD_std_quantiles,17.402399999999997,11,11,0.0,1.0,0.6681955624683809,0.5256235278778826,MOD06_evaluated,True
KX10_TIS_20231111_E48.93_N35.23_202300424721_L4B,2023-11-11T17:56:44.458607Z,Middle East,polar_orbiting,MODIS_Terra,Terra,,,,not_applicable_for_MODIS,moderate_variability_background,rule_based_from_sensor_background_BTD_std_quantiles,257.9985,94,92,0.0,1.0,0.7704192080026551,0.7124241695973523,MOD06_evaluated,True
KX10_TIS_20231111_E49.41_N33.35_202300424720_L4B,2023-11-11T17:56:14.538891Z,Middle East,polar_orbiting,MODIS_Terra,Terra,,,,not_applicable_for_MODIS,moderate_variability_background,rule_based_from_sensor_background_BTD_std_quantiles,84.35879999999999,45,42,0.0,1.0,1.4266893193274257,1.096238877370648,MOD06_evaluated,True
KX10_TIS_20231111_E49.87_N31.48_202300424719_L4B,2023-11-11T17:55:44.619191Z,Middle East,polar_orbiting,MODIS_Terra,Terra,,,,not_applicable_for_MODIS,moderate_variability_background,rule_based_from_sensor_background_BTD_std_quantiles,22.717800000000004,14,10,0.0,1.0,0.8066732203058196,0.7522796484648921,MOD06_evaluated,True
KX10_TIS_20231111_E50.33_N29.60_202300424718_L4B,2023-11-11T17:55:14.699481Z,Middle East,polar_orbiting,MODIS_Terra,Terra,,,,not_applicable_for_MODIS,unknown,rule_based_from_sensor_background_BTD_std_quantiles,159.1893,28,0,,,,,MOD06_evaluated,True
KX10_TIS_20231111_E50.77_N27.72_202300424717_L4B,2023-11-11T17:54:44.779770Z,Middle East,polar_orbiting,MODIS_Terra,Terra,,,,not_applicable_for_MODIS,moderate_variability_background,rule_based_from_sensor_background_BTD_std_quantiles,1682.6544000000001,211,207,0.01932367149758454,0.9806763285024155,0.6139779220042717,0.5547423694128382,MOD06_evaluated,True
KX10_TIS_20231111_E51.20_N25.84_202300424716_L4B,2023-11-11T17:54:14.860070Z,Middle East,polar_orbiting,MODIS_Terra,Terra,,,,not_applicable_for_MODIS,moderate_variability_background,rule_based_from_sensor_background_BTD_std_quantiles,1319.4351000000001,166,162,0.024691358024691357,0.9753086419753086,0.5151049692353085,0.4535873819611292,MOD06_evaluated,True
KX10_TIS_20231121_E48.13_N27.47_202300433480_L4B,2023-11-21T18:05:13.296167Z,Middle East,polar_orbiting,MODIS_Terra,Terra,,,,not_applicable_for_MODIS,low_variability_background,rule_based_from_sensor_background_BTD_std_quantiles,8.6139,12,12,0.08333333333333333,0.9166666666666666,0.740419475687792,0.4164282756581574,MOD06_evaluated,True
KX10_TIS_20231203_E52.50_N36.54_202300436765_L4B,2023-12-03T17:40:54.976728Z,Middle East,polar_orbiting,MODIS_Terra,Terra,,,,not_applicable_for_MODIS,moderate_variability_background,rule_based_from_sensor_background_BTD_std_quantiles,0.46529999999999966,6,6,0.16666666666666666,0.8333333333333334,1.3854245647176793,,MOD06_evaluated,True
KX10_TIS_20231203_E53.36_N33.27_202300436757_L4B,2023-12-03T17:40:02.617234Z,Middle East,polar_orbiting,MODIS_Terra,Terra,,,,not_applicable_for_MODIS,low_variability_background,rule_based_from_sensor_background_BTD_std_quantiles,22.0932,14,13,0.0,1.0,1.0195731215787498,0.8959020663715568,MOD06_evaluated,True
KX10_TIS_20231205_E49.05_N26.62_202300437228_L4B,2023-12-05T06:31:45.658270Z,Middle East,polar_orbiting,MODIS_Terra,Terra,,,,not_applicable_for_MODIS,low_variability_background,rule_based_from_sensor_background_BTD_std_quantiles,0.40049999999999997,4,4,0.0,1.0,0.9152386769656284,,MOD06_evaluated,True
KX10_TIS_20231205_E49.48_N28.51_202300437230_L4B,2023-12-05T06:31:15.738564Z,Middle East,polar_orbiting,MODIS_Terra,Terra,,,,not_applicable_for_MODIS,low_variability_background,rule_based_from_sensor_background_BTD_std_quantiles,0.3744,8,7,0.0,1.0,0.5355185225334659,,MOD06_evaluated,True
KX10_TIS_20231211_E51.26_N27.16_202300438918_L4B,2023-12-11T06:23:03.860279Z,Middle East,polar_orbiting,MODIS_Terra,Terra,,,,not_applicable_for_MODIS,unknown,rule_based_from_sensor_background_BTD_std_quantiles,2407.8140999999996,239,0,,,,,MOD06_evaluated,True
KX10_TIS_20231213_E51.40_N23.20_202300439640_L4B,2023-12-13T17:54:20.136905Z,Middle East,polar_orbiting,MODIS_Terra,Terra,,,,not_applicable_for_MODIS,low_variability_background,rule_based_from_sensor_background_BTD_std_quantiles,25.716600000000003,7,7,0.0,1.0,0.046291363665916845,0.046291363665916845,MOD06_evaluated,True
KX10_TIS_20231214_W103.32_N21.97_202300439956_L4B,2023-12-14T16:38:02.535860Z,North America,geostationary,GOES_ABI,GOES16,2023-12-14T16:40:20.600000Z,2.301,40.79654933467607,GOES_H10_primary_corrected,heterogeneous_background,rule_based_from_sensor_background_BTD_std_quantiles,375.9588,221,192,0.020833333333333332,0.9791666666666666,1.2802838845553222,1.0813442945241074,not_evaluated_for_GOES,True
KX10_TIS_20231219_E48.36_N41.67_202300441454_L4B,2023-12-19T17:52:53.038650Z,Middle East,polar_orbiting,MODIS_Terra,Terra,,,,not_applicable_for_MODIS,moderate_variability_background,rule_based_from_sensor_background_BTD_std_quantiles,0.7227000000000001,6,2,0.5,0.5,3.832777494729892,,MOD06_evaluated,True
KX10_TIS_20231219_E48.91_N39.80_202300441451_L4B,2023-12-19T17:52:23.118957Z,Middle East,polar_orbiting,MODIS_Terra,Terra,,,,not_applicable_for_MODIS,low_variability_background,rule_based_from_sensor_background_BTD_std_quantiles,0.19439999999999988,8,2,0.0,1.0,,,MOD06_evaluated,True
KX10_TIS_20231223_E51.68_N14.60_202300442561_L4B,2023-12-23T06:13:32.980222Z,Middle East,polar_orbiting,MODIS_Terra,Terra,,,,not_applicable_for_MODIS,low_variability_background,rule_based_from_sensor_background_BTD_std_quantiles,0.0854999999999999,1,1,0.0,1.0,,,MOD06_evaluated,True
KX10_TIS_20231223_E53.26_N22.15_202300442557_L4B,2023-12-23T06:11:33.301420Z,Middle East,polar_orbiting,MODIS_Terra,Terra,,,,not_applicable_for_MODIS,unknown,rule_based_from_sensor_background_BTD_std_quantiles,0.0828,2,0,,,,,MOD06_evaluated,True
KX10_TIS_20231223_E53.67_N24.04_202300442556_L4B,2023-12-23T06:11:03.381805Z,Middle East,polar_orbiting,MODIS_Terra,Terra,,,,not_applicable_for_MODIS,low_variability_background,rule_based_from_sensor_background_BTD_std_quantiles,5.8329,11,5,0.0,1.0,0.2893121879565064,0.1293031771554037,MOD06_evaluated,True
KX10_TIS_20231227_E48.07_N29.23_202300443909_L4B,2023-12-27T06:36:41.817946Z,Middle East,polar_orbiting,MODIS_Terra,Terra,,,,not_applicable_for_MODIS,low_variability_background,rule_based_from_sensor_background_BTD_std_quantiles,8.415,17,16,0.125,0.875,0.6605742361994715,0.6605742361994715,MOD06_evaluated,True
KX10_TIS_20231227_E48.53_N31.11_202300443908_L4B,2023-12-27T06:36:11.898262Z,Middle East,polar_orbiting,MODIS_Terra,Terra,,,,not_applicable_for_MODIS,heterogeneous_background,rule_based_from_sensor_background_BTD_std_quantiles,0.6758999999999998,4,1,1.0,0.0,1.5563968245989332,1.5563968245989332,MOD06_evaluated,True
KX10_TIS_20231227_E50.48_N38.61_202300443904_L4B,2023-12-27T06:34:12.219466Z,Middle East,polar_orbiting,MODIS_Terra,Terra,,,,not_applicable_for_MODIS,low_variability_background,rule_based_from_sensor_background_BTD_std_quantiles,1.0322999999999998,3,3,0.0,1.0,,,MOD06_evaluated,True
KX10_TIS_20231228_E51.47_N25.56_202300444232_L4B,2023-12-28T06:20:40.816170Z,Middle East,polar_orbiting,MODIS_Terra,Terra,,,,not_applicable_for_MODIS,heterogeneous_background,rule_based_from_sensor_background_BTD_std_quantiles,2192.9831999999997,141,55,0.05454545454545454,0.9454545454545454,0.280380676622909,0.280380676622909,MOD06_evaluated,True
KX10_TIS_20231228_E51.89_N27.44_202300444230_L4B,2023-12-28T06:20:10.896465Z,Middle East,polar_orbiting,MODIS_Terra,Terra,,,,not_applicable_for_MODIS,heterogeneous_background,rule_based_from_sensor_background_BTD_std_quantiles,1879.9883999999997,119,41,0.024390243902439025,0.975609756097561,0.5613914703897328,0.4695247798813358,MOD06_evaluated,True
KX10_TIS_20231228_E52.33_N29.32_202300444228_L4B,2023-12-28T06:19:40.976780Z,Middle East,polar_orbiting,MODIS_Terra,Terra,,,,not_applicable_for_MODIS,moderate_variability_background,rule_based_from_sensor_background_BTD_std_quantiles,36.3042,16,8,0.0,1.0,0.8628030064173374,0.1241334557323515,MOD06_evaluated,True
KX10_TIS_20240108_E50.92_N26.09_202400002476_L4B,2024-01-08T06:22:53.218027Z,Middle East,polar_orbiting,MODIS_Terra,Terra,,,,not_applicable_for_MODIS,low_variability_background,rule_based_from_sensor_background_BTD_std_quantiles,0.1719,2,2,0.0,1.0,,,MOD06_evaluated,True
KX10_TIS_20240108_E51.35_N27.96_202400002477_L4B,2024-01-08T06:22:23.298315Z,Middle East,polar_orbiting,MODIS_Terra,Terra,,,,not_applicable_for_MODIS,low_variability_background,rule_based_from_sensor_background_BTD_std_quantiles,0.5238,8,5,0.0,1.0,0.49905223165072504,,MOD06_evaluated,True
KX10_TIS_20240110_E50.30_N28.33_202400003281_L4B,2024-01-10T17:54:37.894576Z,Middle East,polar_orbiting,MODIS_Terra,Terra,,,,not_applicable_for_MODIS,moderate_variability_background,rule_based_from_sensor_background_BTD_std_quantiles,1312.7463,111,84,0.023809523809523808,0.9761904761904762,0.5795863707172112,0.5418147838876864,MOD06_evaluated,True
KX10_TIS_20240110_E50.73_N26.44_202400003279_L4B,2024-01-10T17:54:07.974866Z,Middle East,polar_orbiting,MODIS_Terra,Terra,,,,not_applicable_for_MODIS,moderate_variability_background,rule_based_from_sensor_background_BTD_std_quantiles,2942.4825000000005,176,125,0.0,1.0,0.3925046019501418,0.3369789791556613,MOD06_evaluated,True
KX10_TIS_20240110_W102.79_N40.89_202400003248_L4B,2024-01-10T16:48:48.859542Z,North America,geostationary,GOES_ABI,GOES16,2024-01-10T16:50:20.500000Z,1.527,55.0517001976852,GOES_H10_primary_corrected,heterogeneous_background,rule_based_from_sensor_background_BTD_std_quantiles,55.303200000000004,46,37,0.0,1.0,1.5642479887613523,1.5338600395434927,not_evaluated_for_GOES,True
KX10_TIS_20240116_E52.43_N27.47_202400005249_L4B,2024-01-16T17:46:29.217838Z,Middle East,polar_orbiting,MODIS_Terra,Terra,,,,not_applicable_for_MODIS,moderate_variability_background,rule_based_from_sensor_background_BTD_std_quantiles,916.8489000000001,146,143,0.006993006993006993,0.993006993006993,0.243603979934303,0.20993696325623115,MOD06_evaluated,True
KX10_TIS_20240116_E52.86_N25.59_202400005247_L4B,2024-01-16T17:45:59.298152Z,Middle East,polar_orbiting,MODIS_Terra,Terra,,,,not_applicable_for_MODIS,low_variability_background,rule_based_from_sensor_background_BTD_std_quantiles,238.9392,58,58,0.017241379310344827,0.9827586206896551,0.2616822653777595,0.1520393362928094,MOD06_evaluated,True
KX10_TIS_20240127_E51.92_N29.07_202400009386_L4B,2024-01-27T17:47:08.374712Z,Middle East,polar_orbiting,MODIS_Terra,Terra,,,,not_applicable_for_MODIS,moderate_variability_background,rule_based_from_sensor_background_BTD_std_quantiles,509.13000000000005,43,42,0.0,1.0,0.3820497208603811,0.3683454850971338,MOD06_evaluated,True
KX10_TIS_20240127_E53.61_N21.53_202400009361_L4B,2024-01-27T17:45:08.695890Z,Middle East,polar_orbiting,MODIS_Terra,Terra,,,,not_applicable_for_MODIS,moderate_variability_background,rule_based_from_sensor_background_BTD_std_quantiles,75.1833,40,39,0.0,1.0,0.6340688591427469,0.5968996236222928,MOD06_evaluated,True
KX10_TIS_20240129_W117.81_N34.59_202400009638_L4B,2024-01-29T17:43:04.537548Z,North America,geostationary,GOES_ABI,GOES18,2024-01-29T17:40:21.600000Z,2.716,45.21720622195963,GOES_H10_primary_corrected,heterogeneous_background,rule_based_from_sensor_background_BTD_std_quantiles,91.7406,85,76,0.05263157894736842,0.9473684210526315,1.242683934081478,0.8070830020196096,not_evaluated_for_GOES,True
KX10_TIS_20240204_W86.72_N40.25_202400011216_L4B,2024-02-04T02:52:50.774481Z,North America,geostationary,GOES_ABI,GOES16,2024-02-04T02:50:20.800000Z,2.500,48.05431718436246,GOES_H10_primary_corrected,heterogeneous_background,rule_based_from_sensor_background_BTD_std_quantiles,318.3525,200,168,0.011904761904761904,0.9880952380952381,1.2298354498719593,0.8986903248416482,not_evaluated_for_GOES,True
KX10_TIS_20240205_E51.81_N22.15_202400011698_L4B,2024-02-05T06:16:01.217316Z,Middle East,polar_orbiting,MODIS_Terra,Terra,,,,not_applicable_for_MODIS,heterogeneous_background,rule_based_from_sensor_background_BTD_std_quantiles,24.303599999999996,35,34,0.029411764705882353,0.9705882352941176,0.4456832362974754,0.3282860904648509,MOD06_evaluated,True
KX10_TIS_20240205_E52.64_N25.93_202400011696_L4B,2024-02-05T06:15:01.377942Z,Middle East,polar_orbiting,MODIS_Terra,Terra,,,,not_applicable_for_MODIS,moderate_variability_background,rule_based_from_sensor_background_BTD_std_quantiles,385.16220000000004,99,92,0.0,1.0,0.4271531099607524,0.3722839440591285,MOD06_evaluated,True
KX10_TIS_20240205_E53.07_N27.81_202400011695_L4B,2024-02-05T06:14:31.458235Z,Middle East,polar_orbiting,MODIS_Terra,Terra,,,,not_applicable_for_MODIS,heterogeneous_background,rule_based_from_sensor_background_BTD_std_quantiles,52.621199999999995,17,11,0.0,1.0,0.8636250800372318,0.1160636269657465,MOD06_evaluated,True
KX10_TIS_20240206_E48.21_N26.99_202400012119_L4B,2024-02-06T18:03:02.775100Z,Middle East,polar_orbiting,MODIS_Terra,Terra,,,,not_applicable_for_MODIS,low_variability_background,rule_based_from_sensor_background_BTD_std_quantiles,0.2654999999999999,10,8,0.125,0.875,,,MOD06_evaluated,True
KX10_TIS_20240214_W88.36_N31.30_202400014952_L4B,2024-02-14T03:06:11.695127Z,North America,geostationary,GOES_ABI,GOES16,2024-02-14T03:10:20.600000Z,4.148,39.17745831956495,GOES_H10_primary_corrected,moderate_variability_background,rule_based_from_sensor_background_BTD_std_quantiles,90.67410000000001,29,26,0.038461538461538464,0.9615384615384616,0.8670691084544737,0.363590847528128,not_evaluated_for_GOES,True
KX10_TIS_20240214_W89.80_N36.93_202400014957_L4B,2024-02-14T03:07:41.454236Z,North America,geostationary,GOES_ABI,GOES16,2024-02-14T03:10:20.600000Z,2.652,45.52267109171687,GOES_H10_primary_corrected,low_variability_background,rule_based_from_sensor_background_BTD_std_quantiles,0.0684,1,1,0.0,1.0,,,not_evaluated_for_GOES,True
KX10_TIS_20240220_W84.01_N23.20_202400017014_L4B,2024-02-20T02:53:55.856216Z,North America,geostationary,GOES_ABI,GOES16,2024-02-20T02:50:20.200000Z,3.594,28.92321591362912,GOES_H10_primary_corrected,heterogeneous_background,rule_based_from_sensor_background_BTD_std_quantiles,5.0733,14,12,0.0,1.0,1.6707689595049993,1.687272606887646,not_evaluated_for_GOES,True
KX10_TIS_20240220_W84.86_N26.97_202400017016_L4B,2024-02-20T02:54:55.695601Z,North America,geostationary,GOES_ABI,GOES16,2024-02-20T02:50:20.200000Z,4.592,33.29066478024701,GOES_H10_primary_corrected,heterogeneous_background,rule_based_from_sensor_background_BTD_std_quantiles,4.824,16,14,0.2857142857142857,0.7142857142857143,3.4654124490262204,3.4654124490262204,not_evaluated_for_GOES,True
KX10_TIS_20240223_W101.40_N43.60_202400018508_L4B,2024-02-23T16:44:26.697600Z,North America,geostationary,GOES_ABI,GOES16,2024-02-23T16:40:20.600000Z,4.102,56.74506204469751,GOES_H10_primary_corrected,moderate_variability_background,rule_based_from_sensor_background_BTD_std_quantiles,26.992800000000003,31,29,0.06896551724137931,0.9310344827586207,2.549601260889454,0.6978069239765435,not_evaluated_for_GOES,True
KX10_TIS_20240223_W82.96_N23.07_202400018433_L4B,2024-02-23T15:15:04.378027Z,North America,geostationary,GOES_ABI,GOES16,2024-02-23T15:10:20.600000Z,4.730,28.39498928118538,GOES_H10_primary_corrected,low_variability_background,rule_based_from_sensor_background_BTD_std_quantiles,1.0169999999999997,10,10,0.0,1.0,0.3847419336783569,0.3847419336783569,not_evaluated_for_GOES,True
KX10_TIS_20240223_W84.95_N13.63_202400018438_L4B,2024-02-23T15:17:33.976368Z,North America,geostationary,GOES_ABI,GOES16,2024-02-23T15:20:20.600000Z,2.777,19.61467157817496,GOES_H10_primary_corrected,heterogeneous_background,rule_based_from_sensor_background_BTD_std_quantiles,12.9177,21,6,0.0,1.0,0.6417629823815082,0.0812662556640277,not_evaluated_for_GOES,True
KX10_TIS_20240224_W89.92_N21.87_202400023436_L4B,2024-02-24T03:18:14.374358Z,North America,geostationary,GOES_ABI,GOES16,2024-02-24T03:20:20.400000Z,2.100,30.576045612964887,GOES_H10_primary_corrected,moderate_variability_background,rule_based_from_sensor_background_BTD_std_quantiles,44.942400000000006,39,24,0.0,1.0,1.2981407124555109,1.246833119134114,not_evaluated_for_GOES,True
KX10_TIS_20240227_E53.72_N25.79_202400024495_L4B,2024-02-27T06:09:55.217023Z,Middle East,polar_orbiting,MODIS_Terra,Terra,,,,not_applicable_for_MODIS,low_variability_background,rule_based_from_sensor_background_BTD_std_quantiles,0.1476,1,1,0.0,1.0,,,MOD06_evaluated,True
KX10_TIS_20240228_E50.49_N22.14_202400024997_L4B,2024-02-28T17:56:15.615652Z,Middle East,polar_orbiting,MODIS_Terra,Terra,,,,not_applicable_for_MODIS,low_variability_background,rule_based_from_sensor_background_BTD_std_quantiles,0.7469999999999999,8,7,0.0,1.0,1.5570218600831034,,MOD06_evaluated,True
KX10_TIS_20240303_E52.75_N29.10_202400026047_L4B,2024-03-03T06:15:49.301208Z,Middle East,polar_orbiting,MODIS_Terra,Terra,,,,not_applicable_for_MODIS,moderate_variability_background,rule_based_from_sensor_background_BTD_std_quantiles,366.52139999999997,69,66,0.030303030303030304,0.9696969696969697,0.4530486705278889,0.4284966662270253,MOD06_evaluated,True
KX10_TIS_20240327_E53.76_N31.43_202400034324_L4B,2024-03-27T17:36:15.536722Z,Middle East,polar_orbiting,MODIS_Terra,Terra,,,,not_applicable_for_MODIS,low_variability_background,rule_based_from_sensor_background_BTD_std_quantiles,9.4131,14,14,0.0,1.0,0.5277876357963798,0.5277876357963798,MOD06_evaluated,True
KX10_TIS_20240416_E49.96_N26.27_202400041238_L4B,2024-04-16T17:54:17.379324Z,Middle East,polar_orbiting,MODIS_Terra,Terra,,,,not_applicable_for_MODIS,moderate_variability_background,rule_based_from_sensor_background_BTD_std_quantiles,94.01039999999999,28,25,0.0,1.0,0.801594550216729,0.6530369583733658,MOD06_evaluated,True
KX10_TIS_20240522_E53.71_N28.01_202400053543_L4B,2024-05-22T06:08:30.776134Z,Middle East,polar_orbiting,MODIS_Terra,Terra,,,,not_applicable_for_MODIS,heterogeneous_background,rule_based_from_sensor_background_BTD_std_quantiles,130.608,35,34,0.0,1.0,0.42992769164784356,0.28693365531943815,MOD06_evaluated,True
KX10_TIS_20240624_W108.93_N31.24_202400065056_L4B,2024-06-24T16:59:57.298100Z,North America,geostationary,GOES_ABI,GOES18,2024-06-24T17:00:20.400000Z,0.385,47.55463631485278,GOES_H10_primary_corrected,heterogeneous_background,rule_based_from_sensor_background_BTD_std_quantiles,135.6498,116,86,0.046511627906976744,0.9534883720930233,1.9477781887366432,1.4296084979320454,not_evaluated_for_GOES,True
KX10_TIS_20240727_E52.78_N25.28_202400076837_L4B,2024-07-27T17:39:50.777788Z,Middle East,polar_orbiting,MODIS_Terra,Terra,,,,not_applicable_for_MODIS,low_variability_background,rule_based_from_sensor_background_BTD_std_quantiles,28.9998,10,10,0.0,1.0,0.3569679102124957,0.3569679102124957,MOD06_evaluated,True
KX10_TIS_20240904_W120.07_N46.14_202400091630_L4B,2024-09-04T17:54:29.700881Z,North America,geostationary,GOES_ABI,GOES18,2024-09-04T17:40:20.700000Z,14.150,55.71395299151083,GOES_H10_primary_corrected,moderate_variability_background,rule_based_from_sensor_background_BTD_std_quantiles,125.61569999999999,41,36,0.0,1.0,0.9895513018265553,0.9895513018265553,not_evaluated_for_GOES,True
